CUST_ID,gender,DateOfBirth,State,Contact,Segment
21868593,Female,1/12/1979,VT,789-916-8172,Platinum
75740424,Female,1/13/1970,ME,265-543-1264,Silver
30308357,Female,3/11/1984,TN,798-631-4758,Silver
47830476,Female,5/1/1986,MA,413-187-7945,Silver
19269962,Male,5/13/1977,NV,956-871-8691,Gold
21831191,Male,5/17/1977,NH,419-712-8513,Gold
18401412,Male,3/2/1999,AR,752-398-2914,Gold
73486606,Male,10/25/1999,AK,256-968-9172,Silver
32813689,Male,10/12/1993,ID,142-324-7481,Silver
33507197,Female,9/9/1966,RI,165-519-4583,Gold
99103685,Female,12/30/1985,KY,764-439-9856,Gold
51583214,Male,10/31/1999,NH,743-486-5264,Platinum
35875366,Male,9/16/1990,MD,954-964-1746,Platinum
21240703,Male,7/22/1963,MD,473-561-2675,Silver
18288638,Female,1/14/1969,MI,314-135-1359,Platinum
63240241,Male,7/26/1977,ME,843-379-4796,Silver
1407979,Male,3/15/1987,RI,165-217-1648,Silver
63916778,Male,9/7/1966,IL,146-157-4572,Platinum
17004138,Female,8/13/1965,WA,436-354-4682,Silver
9667764,Female,10/10/1979,SC,643-978-8251,Platinum
75584003,Female,4/22/1967,OK,723-418-3248,Silver
90012444,Male,8/8/1974,KS,749-961-7265,Platinum
10665308,Male,6/21/1999,CT,324-971-8395,Silver
35597589,Female,2/17/1980,IN,826-731-3964,Gold
1924109,Male,12/13/1981,UT,431-179-6475,Gold
12871942,Female,4/1/1995,IN,591-436-5176,Platinum
32155446,Male,5/7/1985,AZ,847-936-7645,Gold
35876516,Male,10/29/1996,IL,496-426-6748,Silver
13265356,Female,7/27/1962,IA,462-587-7532,Silver
80379865,Male,2/27/1969,NM,427-513-8479,Gold
64899302,Male,7/17/1994,WI,784-623-7631,Platinum
11278282,Male,4/12/1968,RI,148-178-1792,Silver
90425966,Male,12/23/1971,WY,942-259-7583,Silver
70459181,Female,9/3/1988,NY,493-937-8297,Platinum
91546921,Male,9/22/1974,LA,496-784-4836,Platinum
26489135,Male,10/5/1994,DE,654-456-1493,Platinum
76422302,Male,6/4/1989,GA,958-971-7983,Gold
27205554,Male,4/12/1976,RI,521-912-8139,Silver
60225946,Female,8/27/1977,OH,715-356-4572,Gold
34790013,Male,1/17/1979,NY,935-615-6297,Platinum
53333796,Male,5/23/1990,RI,857-215-9123,Gold
28307541,Male,12/14/1981,WY,763-156-1836,Gold
85536059,Female,4/26/1975,SD,145-285-4675,Platinum
54642094,Male,8/10/1995,NY,963-813-1973,Silver
47091036,Male,10/22/1986,SD,247-436-8713,Gold
48277275,Male,3/27/1996,WV,928-469-4368,Silver
75252854,Male,8/30/1995,NH,542-927-5413,Gold
31012778,Female,6/9/1993,MA,328-683-8359,Gold
84571128,Female,8/16/1995,ME,946-639-5932,Gold
38286862,Female,11/24/1994,NJ,791-831-2514,Gold
1163515,Female,2/3/1995,TX,978-352-7634,Silver
18361978,Female,7/10/1994,CA,463-645-2453,Platinum
94953428,Female,12/7/1977,DE,671-517-9548,Gold
42333031,Female,10/25/1970,WV,972-361-7416,Platinum
91786228,Female,12/26/1963,TN,826-243-9763,Gold
61051505,Male,2/5/1968,OH,649-461-2967,Platinum
8132649,Male,9/23/1975,SD,436-953-6352,Platinum
49428676,Female,9/27/1977,TX,587-946-2153,Silver
77436411,Female,5/6/1964,TN,679-324-1357,Platinum
44319192,Male,11/7/1968,NC,432-234-3617,Platinum
57510487,Male,1/24/1984,UT,512-657-2135,Gold
62797342,Male,5/1/1989,MA,348-186-6349,Gold
56923917,Female,8/10/1971,IL,451-134-7825,Silver
83088652,Male,10/5/1998,MD,968-236-9367,Platinum
53087364,Female,7/30/1990,AK,462-412-7423,Platinum
9089663,Male,9/9/1960,MT,763-973-2741,Silver
83290720,Male,12/6/1966,VA,185-825-6547,Gold
78364565,Female,8/7/1961,NM,862-483-5218,Silver
99761663,Female,11/18/1963,NC,643-246-4718,Silver
6298259,Female,5/30/1969,AZ,712-891-4759,Silver
51936868,Male,5/29/1988,OR,538-723-7261,Gold
35907845,Male,6/22/1972,IA,384-637-2368,Platinum
17390816,Female,9/3/1987,UT,269-384-1923,Gold
9908654,Male,2/18/1964,AL,179-894-5412,Platinum
47228798,Male,5/18/1974,HI,364-634-3715,Platinum
11593991,Female,12/22/1965,RI,642-812-6451,Silver
15036122,Male,3/30/1988,IA,893-237-4791,Silver
59046302,Male,1/15/1994,NY,854-356-9378,Silver
74058124,Male,11/12/1990,WV,172-685-2746,Silver
95221640,Male,7/13/1967,MD,712-754-5719,Silver
5956033,Female,7/7/1993,WY,984-397-3427,Silver
91462331,Male,5/2/1986,SD,163-429-1675,Platinum
7946799,Female,3/10/1976,MT,645-968-6519,Gold
83884401,Male,3/13/1992,ND,947-962-9473,Gold
36498462,Female,9/10/1987,WV,635-136-5671,Silver
88191021,Male,7/11/1986,HI,915-523-3148,Platinum
88567908,Female,9/26/1971,MN,817-685-2347,Gold
72896975,Male,2/26/1970,AL,813-784-4983,Gold
85650096,Male,1/29/1967,MO,954-368-9137,Gold
51349085,Male,6/6/1997,RI,258-762-9482,Silver
90202451,Male,7/4/1989,KY,413-642-7842,Platinum
55180831,Male,2/21/1962,MT,482-319-5783,Gold
14433043,Female,6/13/1971,UT,314-341-6783,Gold
56590042,Male,1/12/1967,AL,254-651-9452,Silver
43870673,Male,6/21/1985,KS,428-238-4918,Gold
84734050,Male,4/21/1960,VA,974-457-9312,Silver
73246256,Female,10/18/1984,IN,146-597-5429,Platinum
2632562,Female,12/14/1985,AK,498-597-9658,Platinum
74125758,Male,1/4/1961,LA,876-786-8624,Gold
92752865,Male,1/30/1986,AK,143-219-5498,Silver
47086007,Female,12/10/1997,NC,347-618-5821,Gold
33987747,Male,5/23/1973,MO,719-927-1936,Platinum
37312925,Male,1/12/1963,KS,274-346-6391,Gold
13233814,Female,6/1/1962,AR,583-753-8415,Platinum
32561536,Male,9/18/1982,MI,718-215-2831,Platinum
73456835,Female,12/31/1978,CO,376-294-4612,Silver
84767457,Female,11/14/1996,AZ,964-984-9257,Platinum
31901720,Male,11/29/1963,CA,574-674-6381,Silver
67885239,Female,9/17/1966,AL,682-368-5823,Platinum
94448966,Female,6/20/1984,MD,845-768-2513,Gold
94633091,Female,7/14/1990,RI,826-537-1348,Platinum
90116906,Male,9/14/1970,SD,645-465-4938,Platinum
82832313,Male,7/21/1980,NC,679-793-3672,Silver
87993949,Male,5/29/1969,NJ,754-586-4891,Platinum
61810954,Male,5/18/1969,TX,724-493-6179,Silver
55782839,Female,2/7/1998,ND,918-849-3279,Gold
39587790,Male,1/10/1965,LA,615-154-3516,Gold
14293434,Female,1/25/1995,IL,269-431-3781,Platinum
46620413,Male,12/11/1991,DE,164-158-7981,Platinum
53798973,Female,11/19/1980,TN,732-893-6125,Silver
15556454,Male,9/1/1996,OK,952-296-8234,Silver
61497833,Male,8/6/1995,WV,179-439-6237,Platinum
92889077,Female,3/8/1963,AR,975-548-7142,Gold
19171044,Female,2/6/1979,WI,281-597-6245,Platinum
93291407,Male,5/8/1970,FL,945-839-1768,Gold
96710523,Male,5/29/1980,WY,846-174-8946,Silver
52542420,Female,7/25/1970,CA,371-247-1395,Silver
37741743,Female,7/16/1982,ME,327-256-9257,Gold
48145469,Male,5/22/1973,IA,946-341-3157,Silver
25709472,Male,1/15/1993,KY,534-697-3498,Gold
58402401,Male,6/13/1979,KS,134-129-8167,Silver
23092790,Female,4/21/1982,NE,362-847-6954,Platinum
62476442,Female,6/27/1985,HI,528-237-8379,Silver
39943087,Female,11/11/1988,NY,473-567-7234,Platinum
41265642,Male,9/29/1989,IA,912-385-7549,Gold
73383008,Female,6/4/1986,AZ,594-592-6745,Gold
77896466,Female,2/16/1997,IL,613-614-1378,Gold
83526368,Female,3/16/1979,MA,468-698-7189,Platinum
31439710,Female,3/11/1988,GA,824-246-5734,Gold
30227653,Female,8/1/1981,CT,945-734-2691,Silver
86993944,Male,3/17/1982,WI,596-612-5431,Silver
65728108,Male,11/22/1984,SC,438-675-4587,Platinum
45539668,Male,4/8/1998,MS,613-276-2471,Silver
3159546,Male,10/20/1987,TX,586-129-9752,Platinum
88449349,Male,12/17/1979,WA,975-547-5196,Platinum
35937389,Female,7/31/1978,AZ,971-841-3152,Silver
19441247,Female,6/10/1974,WV,439-538-7538,Platinum
7208859,Female,2/15/1991,OK,372-267-3189,Gold
65950591,Male,1/25/1969,NH,543-543-2549,Silver
2327487,Male,2/8/1999,AZ,215-589-3761,Platinum
30722342,Male,4/4/1999,OH,316-863-5832,Silver
31289360,Male,11/15/1998,GA,869-486-1267,Gold
24826170,Male,3/5/1987,WA,361-476-4591,Gold
14860484,Male,12/2/1994,OK,864-361-2564,Gold
39642700,Female,6/13/1985,IN,745-342-2471,Silver
3689105,Female,3/23/1999,NE,923-198-9827,Silver
58850120,Female,7/23/1960,UT,819-478-8453,Platinum
76965994,Male,3/28/1960,NY,132-927-9824,Gold
14490971,Female,12/10/1976,MN,614-652-1274,Silver
88277241,Male,4/27/1976,NV,684-482-6745,Platinum
87386746,Male,12/23/1982,ND,741-473-8976,Gold
55157616,Female,10/21/1967,MN,136-736-1978,Gold
55593844,Female,3/2/1965,NC,129-925-2819,Gold
72556809,Male,1/14/1998,ID,582-928-4938,Platinum
45653187,Male,5/22/1963,AL,836-247-1264,Silver
48538925,Female,9/25/1967,NE,378-563-3695,Gold
68724425,Male,10/6/1961,VA,389-769-2197,Gold
50817031,Male,11/17/1963,MI,728-483-4185,Gold
16836323,Male,12/22/1970,MS,398-364-9741,Gold
72701589,Female,8/23/1994,AR,745-968-1753,Silver
88126167,Female,12/22/1993,IA,691-739-8963,Gold
50642114,Female,12/6/1961,FL,925-298-5137,Gold
32180678,Male,2/24/1985,KS,975-682-7836,Platinum
74155265,Male,11/16/1985,TX,392-739-4873,Gold
26168099,Male,10/27/1995,NC,325-687-3651,Silver
804961,Female,12/7/1997,AL,487-723-4167,Gold
25823839,Male,12/27/1971,ME,678-925-6195,Silver
61745840,Female,7/24/1994,MA,612-684-5472,Platinum
86024944,Female,8/1/1974,AZ,742-298-4693,Silver
40080423,Female,9/13/1969,NY,769-451-9372,Gold
14275512,Male,6/24/1971,MI,362-839-2153,Platinum
70442756,Female,6/16/1963,VA,174-415-5381,Platinum
36829984,Female,12/1/1965,CA,713-967-1935,Platinum
68772500,Male,11/10/1989,TX,562-259-5432,Silver
154557,Female,5/23/1978,DE,962-879-1238,Platinum
97640137,Male,8/14/1975,SD,812-824-4285,Platinum
49270602,Male,4/10/1960,IL,837-734-6732,Platinum
25021031,Female,12/7/1972,IL,537-548-5913,Platinum
2590748,Female,11/30/1991,MO,185-517-6934,Platinum
98905793,Female,11/11/1993,ID,823-482-5839,Platinum
39495715,Male,9/16/1968,LA,572-615-8539,Gold
64840478,Female,2/14/1974,NM,918-174-7461,Silver
30541131,Female,3/17/1988,CO,857-137-2347,Silver
51503228,Male,7/12/1960,IA,612-258-9783,Silver
57959733,Female,12/31/1967,AR,689-628-5247,Platinum
82415154,Female,3/8/1980,DE,578-942-1542,Platinum
67861420,Female,4/28/1992,UT,645-657-5692,Platinum
16811546,Male,7/9/1976,KS,486-341-4781,Gold
74840885,Female,5/9/1966,IA,149-458-3751,Platinum
95719884,Female,11/26/1989,CT,759-157-6329,Platinum
22856223,Female,8/7/1963,AR,728-953-8257,Platinum
26965990,Female,12/14/1998,NH,823-634-8723,Platinum
48447568,Male,6/26/1962,CT,294-936-9134,Gold
16102401,Male,10/7/1996,CT,148-543-1362,Silver
26448215,Female,3/10/1983,CT,765-438-8462,Silver
40922910,Male,9/12/1963,IN,246-527-5983,Gold
43293983,Female,8/12/1989,NM,356-724-4721,Gold
51195864,Female,11/24/1971,ND,831-136-3859,Gold
36395486,Male,3/6/1971,ND,365-482-4683,Gold
32850276,Male,10/29/1963,ME,893-673-8192,Platinum
94041088,Male,7/16/1990,NM,815-641-3516,Silver
90718924,Male,9/30/1970,ME,185-286-2134,Silver
51278451,Female,4/23/1982,NJ,597-396-2931,Gold
16868327,Male,2/14/1968,VT,426-293-4958,Silver
32269248,Female,6/27/1971,NE,574-857-9387,Gold
35410919,Female,5/7/1995,AZ,862-765-3425,Silver
20716946,Female,6/10/1981,KY,526-579-6814,Platinum
90102508,Male,7/25/1985,AZ,794-134-3864,Gold
40744509,Male,9/18/1999,MD,746-571-4539,Gold
51460517,Male,12/25/1969,ND,925-214-7481,Gold
9677945,Female,5/28/1987,SC,849-461-6419,Platinum
34297743,Female,3/17/1976,WI,726-673-6513,Platinum
17682060,Female,11/21/1974,NV,186-195-3465,Gold
29750601,Female,10/28/1995,RI,652-976-9723,Platinum
97698815,Male,5/6/1977,OH,352-765-2183,Gold
28920170,Male,7/18/1962,ID,498-547-6829,Silver
55572419,Female,5/31/1965,CO,728-934-9134,Gold
77219712,Female,8/5/1999,NH,649-592-8793,Platinum
39286853,Female,6/23/1993,ND,829-753-4352,Platinum
47226965,Male,6/27/1995,MN,935-251-3941,Platinum
68757979,Female,6/7/1964,KY,835-238-5426,Platinum
69956308,Female,2/9/1981,AL,934-541-3417,Gold
47603757,Female,8/9/1996,NE,214-247-6582,Platinum
83534717,Male,5/17/1965,MI,732-632-3689,Silver
40480522,Female,5/30/1984,NV,739-259-6835,Gold
86597605,Female,4/21/1962,ME,794-584-3826,Gold
7829022,Male,8/12/1980,ND,964-432-2841,Platinum
77985379,Female,5/20/1984,MD,619-412-8295,Platinum
2826434,Female,11/25/1994,MN,863-274-1853,Platinum
16548727,Female,11/11/1984,ND,475-651-3249,Platinum
94267140,Male,10/7/1967,MO,765-672-8396,Gold
5637733,Male,5/27/1964,ID,567-617-1874,Platinum
684748,Male,8/3/1977,AK,613-385-2863,Gold
65047878,Female,8/23/1979,SD,593-329-6298,Silver
84614509,Male,1/14/1981,WI,576-536-8742,Silver
93766634,Female,9/20/1970,OH,871-813-4512,Gold
68712439,Male,8/17/1990,WI,397-361-3286,Platinum
88785895,Male,4/24/1977,CO,549-729-2915,Gold
33924586,Female,3/28/1976,MA,187-187-9648,Silver
1852176,Male,6/23/1967,PA,563-749-5436,Platinum
58107776,Female,6/26/1974,HI,794-819-7165,Silver
30743608,Male,2/19/1990,DE,541-523-1263,Gold
50530333,Male,5/22/1999,WA,152-152-9356,Silver
29282358,Female,10/5/1985,NE,291-953-5768,Gold
55375167,Male,3/30/1969,NE,245-617-1348,Silver
37692329,Male,5/28/1992,LA,195-175-4275,Platinum
2753882,Female,10/12/1994,CA,739-738-7493,Platinum
88219691,Female,10/27/1994,NJ,298-359-2684,Silver
67722830,Male,11/30/1973,TN,674-654-7168,Platinum
11321295,Male,11/13/1965,DE,429-596-2169,Platinum
28502965,Female,9/11/1966,DE,598-625-9431,Silver
51782731,Male,12/18/1989,PA,728-916-1287,Silver
76395629,Male,1/29/1972,ID,812-836-7854,Silver
20960664,Female,10/28/1987,VT,276-719-1489,Platinum
79683883,Male,9/30/1985,WY,194-892-7628,Gold
33388786,Female,4/13/1982,MO,182-164-7386,Gold
52361935,Male,3/27/1995,MI,925-931-3164,Silver
97038550,Female,10/8/1973,FL,963-613-5369,Platinum
25911554,Female,6/21/1998,IN,321-235-9236,Gold
43834942,Female,9/8/1980,ND,281-286-8362,Gold
17242900,Male,3/27/1982,NM,472-435-3847,Platinum
54094880,Male,6/1/1984,DE,568-481-7418,Silver
59809467,Female,12/3/1987,IN,231-893-6274,Silver
62204138,Female,12/15/1989,DE,471-934-4961,Platinum
93993324,Male,2/23/1964,WI,853-261-1783,Gold
84995304,Female,5/5/1985,GA,347-765-3861,Silver
70955654,Female,8/23/1992,IL,867-154-5847,Silver
43274276,Female,4/22/1977,OR,829-634-2537,Silver
23236713,Male,1/24/1994,OK,564-237-8963,Silver
76501371,Male,2/14/1976,NY,341-346-8795,Silver
56554262,Male,10/26/1982,ND,142-258-9876,Silver
48123202,Female,12/31/1998,AL,932-672-6327,Gold
93915431,Male,9/8/1967,ME,134-785-1687,Gold
38560100,Female,11/1/1973,IL,586-724-1493,Platinum
31544049,Male,6/4/1971,KS,672-351-1964,Silver
68615086,Male,11/12/1980,VT,326-937-6952,Platinum
55535045,Male,8/11/1994,AR,164-539-3948,Gold
17988592,Male,12/16/1999,NM,472-186-4937,Platinum
4883962,Male,1/20/1972,FL,478-721-9743,Platinum
33812279,Male,7/17/1991,KS,621-297-6317,Platinum
81854173,Male,3/13/1993,CO,743-429-8173,Gold
24579061,Female,11/24/1967,IN,763-365-2837,Platinum
29478976,Male,10/6/1983,MO,964-768-7924,Gold
10462042,Female,6/6/1964,WA,351-316-3172,Platinum
52265112,Female,8/21/1987,MA,251-361-5218,Gold
53900680,Male,3/6/1999,MA,591-168-3457,Silver
69784779,Female,8/20/1990,IA,521-358-6847,Platinum
26810768,Female,7/2/1987,WA,387-791-4125,Platinum
82637319,Male,3/17/1999,KY,647-375-9124,Platinum
69546065,Male,6/12/1994,PA,641-659-5972,Platinum
67427492,Female,11/1/1992,MN,693-794-2741,Silver
18213216,Male,10/6/1969,KY,416-461-9145,Silver
98204394,Male,12/6/1968,VA,685-823-5284,Silver
63413368,Male,9/1/1966,VA,958-159-2173,Silver
91136854,Female,4/7/1998,WI,943-194-1759,Silver
11187680,Female,10/11/1974,CO,841-732-5392,Silver
88205075,Male,6/3/1973,VA,631-658-1329,Platinum
40728123,Male,7/3/1977,UT,298-863-2514,Platinum
65176092,Male,11/23/1975,NC,651-379-2486,Silver
84229777,Female,3/18/1976,TN,728-184-5376,Platinum
76093960,Female,6/23/1984,OK,867-923-3798,Silver
36994344,Male,12/16/1975,ME,673-618-4586,Silver
68043300,Male,6/3/1993,MN,687-879-7692,Platinum
28901669,Female,5/28/1981,MT,798-435-4862,Silver
86916099,Female,3/15/1969,ME,386-156-9384,Gold
29826894,Female,1/6/1991,AZ,124-198-8153,Silver
79637467,Male,3/27/1971,IA,736-694-8274,Gold
36632227,Female,6/9/1960,GA,369-589-9865,Silver
77510822,Female,3/18/1986,AK,436-934-7156,Silver
2651069,Male,3/9/1999,AL,681-981-1478,Gold
8150738,Female,12/6/1987,NH,842-127-7916,Platinum
67268108,Male,10/18/1973,FL,159-192-1758,Platinum
53907868,Male,2/7/1978,WA,768-578-9871,Platinum
86246733,Male,7/17/1982,MN,248-471-2985,Gold
45568489,Female,11/3/1967,OH,826-463-4186,Silver
28032985,Female,12/10/1964,NM,926-817-6247,Gold
33210182,Male,11/9/1989,CA,387-759-2586,Platinum
24731784,Female,10/17/1980,DE,169-631-1283,Silver
36126424,Female,2/11/1981,ME,398-768-5283,Platinum
95452498,Female,2/21/1988,MI,391-537-8235,Silver
22756942,Male,10/9/1982,FL,462-823-3126,Silver
62489316,Female,8/15/1993,GA,985-185-1659,Gold
4825461,Female,4/27/1965,NE,791-473-9763,Platinum
63915259,Male,5/22/1986,GA,829-157-6239,Gold
6723724,Female,4/20/1989,AL,592-368-3149,Platinum
51719336,Female,7/6/1966,AK,149-149-3164,Platinum
89808931,Female,7/22/1989,WA,524-613-4786,Silver
55105629,Male,2/6/1981,TN,516-198-5127,Silver
79076502,Female,12/30/1977,NJ,259-527-3218,Silver
81131066,Male,11/1/1968,AL,579-265-6183,Gold
75995055,Female,12/14/1995,OK,845-854-5473,Gold
24425429,Female,6/9/1987,NC,894-913-8453,Gold
51382348,Male,12/28/1970,MT,594-728-3497,Silver
18842829,Male,9/10/1969,ME,561-158-4657,Platinum
98180346,Male,2/16/1992,NV,685-872-4789,Platinum
53013094,Male,6/7/1976,PA,192-576-9158,Silver
25263633,Male,12/4/1966,ND,536-497-6752,Silver
16444738,Female,2/18/1990,TN,298-376-5293,Platinum
64231993,Male,7/15/1982,CO,617-896-5736,Gold
89530919,Male,9/20/1973,IL,938-684-9572,Gold
38011078,Female,5/20/1976,NE,271-123-1475,Gold
76314493,Female,10/2/1961,DE,389-764-4853,Silver
51975640,Female,5/10/1982,NC,139-648-8714,Silver
47593642,Male,6/20/1970,HI,596-684-9786,Gold
42439009,Female,9/17/1976,NV,591-218-5973,Gold
51613894,Male,1/2/1988,MO,675-213-7462,Silver
49078798,Male,5/7/1965,VT,168-931-2841,Gold
17822772,Male,5/7/1989,OK,428-196-6913,Platinum
94643289,Male,4/24/1998,AK,317-612-1425,Silver
47535244,Female,9/16/1961,TN,413-134-6842,Gold
70770204,Female,1/17/1984,CT,935-274-6725,Silver
92171044,Male,7/24/1964,WI,156-514-3516,Gold
98218159,Female,9/2/1976,PA,563-417-5261,Platinum
24112592,Male,6/11/1980,NV,916-185-5697,Platinum
97053819,Female,5/6/1997,NC,243-295-1862,Gold
88484857,Male,5/21/1960,UT,189-845-2459,Silver
89965541,Male,6/19/1967,MT,359-678-4658,Silver
96431710,Female,7/20/1982,NM,349-214-6872,Gold
13059025,Female,8/28/1999,RI,624-716-1427,Platinum
49481916,Female,3/28/1996,SC,734-137-4865,Silver
10956208,Male,12/21/1984,AZ,194-786-8173,Gold
43059280,Male,12/16/1994,RI,651-127-8152,Platinum
92971195,Male,2/2/1975,DE,892-173-4657,Gold
97578924,Male,11/22/1978,CO,654-176-5324,Platinum
81790039,Female,6/22/1995,HI,612-374-9851,Gold
36812323,Male,1/24/1960,ND,237-257-3415,Silver
63544225,Female,3/30/1999,CO,934-658-2318,Platinum
4669941,Male,8/3/1982,AK,761-462-3458,Platinum
64395359,Female,9/8/1994,CA,968-896-9268,Silver
25634799,Female,11/4/1974,KS,724-781-3692,Platinum
31654316,Female,7/12/1981,IN,683-351-1463,Gold
49499709,Male,10/5/1977,KS,827-152-3125,Silver
45415342,Female,3/12/1996,DE,915-398-4596,Platinum
72734097,Male,3/16/1960,MA,392-741-5178,Gold
94707309,Female,6/4/1988,MA,835-123-6381,Gold
84750181,Female,5/16/1993,AK,419-431-6251,Platinum
58380749,Female,8/12/1973,SC,672-491-4529,Silver
42345842,Female,1/21/1975,NH,795-476-5347,Gold
54103924,Male,3/8/1985,NJ,794-849-1953,Gold
48099288,Female,2/24/1987,HI,918-942-6527,Gold
57896241,Male,9/11/1996,VT,678-356-9671,Silver
70730377,Female,1/28/1978,CO,835-781-6495,Gold
6125426,Female,4/23/1998,NE,317-978-1285,Silver
48227009,Male,1/22/1990,VA,593-164-6714,Gold
86308184,Female,5/25/1990,WV,613-849-3215,Platinum
69065193,Female,9/26/1980,MT,963-496-4127,Silver
79846638,Female,9/17/1969,MO,248-215-1346,Platinum
38047917,Male,8/18/1985,VT,972-254-1352,Gold
73611258,Male,3/8/1995,WV,246-752-9853,Gold
14696479,Female,7/7/1991,IA,678-719-8217,Silver
25166037,Male,10/28/1999,AL,537-268-6189,Gold
1123356,Female,7/29/1960,OR,736-725-9481,Silver
97162684,Male,5/19/1994,WV,874-957-9764,Silver
95055469,Female,6/23/1964,MS,632-725-7146,Platinum
56985179,Male,5/14/1974,MN,894-163-7685,Platinum
69039320,Female,9/16/1975,NH,216-854-4563,Platinum
84514444,Female,6/26/1982,NV,712-156-7298,Platinum
79953263,Male,1/14/1967,ID,685-954-6532,Platinum
15557396,Male,11/3/1975,AR,915-247-7815,Gold
95002919,Male,4/15/1964,TN,128-196-6753,Platinum
7612094,Male,8/26/1983,UT,145-734-4176,Gold
53260501,Female,5/24/1998,OK,624-125-7382,Silver
92072156,Female,7/28/1971,DE,186-419-2974,Silver
77570823,Female,12/20/1963,AL,846-573-6251,Platinum
69010101,Female,10/23/1971,AR,825-591-5293,Platinum
1223055,Male,6/2/1995,CA,726-984-2871,Platinum
9884792,Male,12/23/1974,GA,764-745-3951,Silver
1144598,Female,4/27/1980,WY,571-397-1798,Platinum
59716520,Male,8/5/1986,CT,348-546-2769,Silver
59056552,Female,4/10/1993,NC,864-129-4829,Gold
25164999,Female,10/25/1993,MD,261-583-6387,Silver
70761779,Female,7/12/1992,AL,932-146-8539,Silver
62934102,Female,7/25/1997,OR,518-352-6498,Silver
11472207,Male,4/19/1961,TN,217-817-4251,Gold
97856694,Female,11/14/1991,TN,639-694-8245,Gold
86818440,Male,12/28/1983,WA,397-129-9435,Platinum
66433138,Male,6/27/1978,TX,752-617-3867,Gold
87806611,Female,10/11/1978,MD,276-785-5134,Silver
36252121,Female,4/29/1985,IN,127-359-1385,Gold
19916012,Female,1/22/1964,KS,417-426-7961,Silver
79440308,Female,3/11/1997,AR,623-328-4615,Gold
23116437,Female,6/6/1965,KY,625-325-1724,Silver
58957713,Female,6/22/1962,MO,146-714-8675,Gold
4798021,Male,1/16/1960,FL,516-315-9143,Platinum
83441797,Male,12/1/1997,IL,489-528-1573,Silver
30154531,Male,11/16/1974,MA,482-654-2465,Platinum
38117638,Female,6/4/1992,MA,175-527-2541,Silver
12112711,Female,5/15/1997,CA,795-234-3741,Platinum
4652602,Female,10/3/1978,PA,128-371-7892,Gold
45187280,Female,4/4/1996,ND,325-842-5629,Gold
77930023,Male,9/27/1982,GA,967-682-2918,Silver
58934617,Male,4/1/1990,CA,157-896-3619,Platinum
41182960,Male,5/31/1970,CA,865-345-1634,Gold
64488618,Male,2/28/1974,RI,967-894-1953,Silver
59793026,Male,12/9/1966,ME,231-719-3629,Gold
86621072,Female,9/17/1967,AR,194-254-6572,Platinum
47250458,Female,8/26/1988,VT,157-132-6489,Platinum
35163792,Female,5/22/1994,CO,371-423-2618,Platinum
93871952,Male,9/1/1993,NC,582-426-1238,Platinum
32464636,Female,8/25/1988,DE,862-247-1496,Gold
7583158,Female,3/20/1997,MT,481-519-7921,Gold
80670612,Female,7/12/1994,OH,549-586-9146,Gold
21840201,Female,1/21/1991,KY,281-146-5627,Platinum
29130403,Male,12/27/1998,VT,457-421-1976,Silver
89806715,Female,10/26/1960,IA,157-529-5243,Silver
56016139,Male,3/10/1970,WI,346-389-9324,Platinum
20028241,Male,9/19/1990,MA,762-628-3261,Platinum
98341654,Male,12/16/1997,NH,375-624-6749,Platinum
44643917,Male,12/19/1968,WA,278-698-5972,Gold
76185878,Male,1/27/1994,NC,463-812-2598,Gold
18665169,Female,2/24/1972,MD,429-825-9486,Gold
17177153,Female,10/3/1985,HI,951-927-8617,Platinum
84736739,Male,2/27/1994,NE,948-947-1695,Gold
20110599,Female,4/22/1987,SD,163-459-7846,Silver
15635627,Male,3/16/1997,OK,417-531-1953,Silver
3374112,Female,11/11/1960,MI,213-968-4851,Platinum
78415715,Female,7/28/1978,OH,381-591-8265,Platinum
83080037,Male,6/16/1982,MA,965-968-1539,Silver
74017955,Male,12/9/1970,CO,582-859-4869,Gold
33372791,Male,3/27/1965,NC,642-328-5489,Gold
48874104,Male,12/5/1980,GA,638-891-6419,Silver
61822144,Male,5/21/1998,LA,184-816-8412,Silver
95418320,Male,8/1/1988,IN,324-817-2436,Silver
26450621,Female,2/14/1987,FL,579-358-6391,Silver
64622520,Female,5/3/1985,MT,624-571-5793,Gold
32521691,Female,1/7/1986,ME,326-536-6253,Platinum
39444603,Female,4/12/1969,TN,431-425-7815,Platinum
48960366,Male,8/9/1964,NC,528-576-2918,Platinum
80701300,Female,7/28/1994,MS,593-423-4839,Silver
13275896,Male,2/18/1969,NV,659-459-7463,Platinum
62816998,Male,12/22/1960,AL,941-923-5623,Silver
85700566,Male,8/17/1968,DE,289-394-4517,Gold
81138909,Male,8/9/1989,NY,163-876-9473,Silver
31115028,Female,10/16/1965,NE,321-243-9564,Silver
59843845,Female,11/14/1992,LA,657-637-9325,Platinum
75471235,Male,7/23/1991,CO,942-659-6475,Gold
37365245,Male,4/24/1972,ND,278-968-4875,Silver
30886292,Male,5/13/1974,PA,179-142-9184,Silver
20094340,Male,6/5/1966,WY,497-752-5396,Silver
40948894,Female,7/16/1973,UT,239-839-2365,Gold
59903277,Male,5/19/1996,OK,634-697-8673,Gold
4412055,Female,5/28/1964,AK,576-276-4931,Gold
63302691,Female,2/27/1978,WI,496-493-1743,Gold
69473158,Male,2/23/1989,WA,962-461-7829,Gold
30943507,Female,12/27/1975,MO,184-859-7185,Silver
88072232,Male,6/5/1983,AZ,932-518-9524,Gold
17859000,Female,4/5/1979,IA,732-758-2761,Gold
44758258,Female,11/14/1985,NJ,789-241-7938,Silver
59389375,Male,11/3/1988,VA,985-924-8693,Gold
56357617,Male,12/3/1994,HI,479-834-2685,Gold
82034436,Female,6/10/1973,NH,612-831-3179,Gold
85532819,Male,5/9/1979,NY,452-524-8423,Silver
23741962,Female,8/6/1968,NJ,493-483-5418,Silver
96543848,Male,12/7/1965,WV,341-659-5319,Gold
91135917,Male,8/15/1986,NV,697-129-2549,Platinum
524545,Female,8/10/1980,NC,798-862-5398,Gold
89479887,Male,2/26/1996,MO,527-156-6825,Platinum
73495163,Male,12/30/1974,NY,852-943-3847,Platinum
49889657,Male,8/21/1975,NE,528-923-7546,Silver
96931053,Female,1/26/1997,NV,958-657-4621,Gold
1300972,Female,6/8/1966,ID,378-587-1687,Platinum
83887508,Female,6/7/1969,ID,965-541-7429,Gold
53897607,Female,8/31/1975,CO,975-825-8352,Gold
92392817,Female,2/9/1988,ME,269-614-8632,Gold
75086914,Male,11/18/1965,LA,123-389-3254,Platinum
27868943,Female,9/11/1980,IN,951-875-3657,Platinum
42238302,Male,9/12/1993,NY,764-365-5234,Platinum
83882449,Male,1/31/1992,AR,361-389-8923,Platinum
53191091,Male,3/26/1965,MD,592-942-4216,Silver
55836042,Male,5/17/1983,AR,687-713-6528,Silver
19796899,Female,12/17/1975,TX,725-873-8239,Gold
42014103,Male,2/6/1999,MS,561-657-4953,Gold
66632396,Female,2/13/1961,MO,247-859-1298,Silver
34778857,Male,8/10/1975,TN,643-645-8493,Gold
28437868,Female,1/31/1968,NY,398-185-7936,Platinum
85641672,Male,11/9/1979,PA,512-318-6489,Platinum
86985239,Male,9/4/1969,NV,194-354-9283,Gold
19409471,Male,11/7/1963,AR,215-978-4689,Silver
98537509,Female,9/10/1989,NJ,342-312-9723,Gold
36871042,Male,2/20/1999,RI,428-836-7356,Gold
62206180,Male,12/9/1967,NC,914-173-2839,Silver
6448629,Female,10/23/1984,SD,532-279-9851,Gold
30197131,Female,11/23/1973,MT,518-765-8532,Gold
7988398,Male,9/12/1976,PA,459-421-4897,Gold
13687085,Male,11/18/1997,DE,137-146-7356,Platinum
30864915,Male,7/9/1982,LA,231-692-9132,Gold
44665885,Female,8/15/1994,CT,312-791-7619,Platinum
14604149,Male,4/7/1964,IL,458-539-9346,Platinum
9600820,Female,2/19/1962,MN,356-384-4378,Gold
54275114,Male,7/22/1968,MT,913-256-4138,Gold
24065986,Male,11/25/1998,PA,416-398-8934,Silver
52208972,Female,12/22/1976,OR,563-624-6872,Silver
13435761,Female,7/24/1973,GA,241-382-4182,Gold
64916376,Male,7/24/1999,MD,723-957-1396,Platinum
35895151,Male,8/12/1976,VT,158-152-8735,Platinum
8201624,Female,11/11/1980,NV,761-527-7361,Platinum
55933927,Male,11/2/1965,AL,143-139-8267,Gold
65899365,Female,7/25/1973,TX,135-971-8567,Platinum
57025376,Female,9/20/1965,OH,724-817-2586,Silver
92189083,Male,5/7/1964,TN,935-642-8416,Gold
83836752,Female,5/24/1986,MS,435-561-9674,Platinum
43806629,Female,11/5/1986,MN,561-183-4857,Gold
7303971,Male,3/12/1992,ME,691-856-6412,Silver
35189228,Male,10/29/1974,RI,951-982-4276,Gold
47879133,Female,12/16/1981,CT,918-957-1486,Gold
25550440,Male,8/11/1984,NY,173-589-2678,Gold
38718253,Male,7/19/1968,IL,423-385-8591,Gold
44632301,Female,2/23/1981,WV,261-697-1863,Silver
46691405,Male,12/3/1999,NY,849-637-4683,Gold
96395873,Female,10/13/1963,PA,397-921-2875,Platinum
25582668,Female,6/20/1993,SD,843-873-3714,Platinum
21969808,Female,10/7/1998,IA,961-647-1945,Platinum
56525103,Male,12/27/1999,CO,312-385-7329,Gold
59510159,Male,5/27/1981,IN,421-734-8421,Gold
76666463,Female,1/30/1991,DE,614-357-3216,Gold
10330113,Female,2/23/1996,ID,124-294-1973,Platinum
85250389,Female,5/8/1967,TX,827-367-5247,Platinum
17330419,Female,12/15/1998,DE,625-981-8926,Silver
62935855,Male,12/16/1993,MD,162-183-8139,Gold
27304494,Male,5/11/1965,MO,214-139-4297,Gold
15820948,Male,2/22/1964,TX,583-641-3184,Silver
25989608,Female,3/4/1997,IA,498-475-7823,Gold
64214079,Male,2/26/1981,ME,579-765-9642,Gold
58468142,Female,3/21/1995,TX,684-172-1892,Gold
12108789,Female,4/9/1967,IA,529-962-3471,Gold
25365364,Male,4/29/1973,RI,362-491-4692,Platinum
76339681,Female,3/8/1990,MI,843-529-3256,Platinum
97514724,Male,6/8/1969,FL,641-684-7986,Platinum
14501963,Male,10/24/1980,NM,978-631-4759,Gold
41673539,Female,3/23/1997,ID,738-935-7236,Platinum
47730331,Male,8/2/1984,MD,295-618-9248,Platinum
91180828,Female,3/17/1987,MI,136-473-6752,Platinum
86237672,Male,7/26/1963,IL,384-642-8162,Gold
47437882,Male,1/4/1988,AR,819-543-1365,Platinum
87092211,Male,6/20/1980,ME,128-398-1894,Silver
49820646,Male,3/3/1984,IL,761-237-6184,Silver
77542013,Male,10/19/1977,CO,652-914-5274,Platinum
40950455,Male,9/19/1978,TX,679-963-5234,Gold
97115629,Female,9/22/1996,MT,295-347-9854,Gold
30831279,Male,5/28/1984,ME,516-973-5972,Silver
28866353,Male,3/7/1967,ID,973-967-2815,Silver
23142036,Female,3/10/1984,CO,628-758-6123,Gold
89986804,Female,4/2/1966,LA,163-572-9136,Silver
44467682,Male,12/27/1993,IN,571-162-2735,Gold
45812655,Male,8/11/1995,VA,123-346-2854,Gold
49531152,Male,2/23/1971,FL,857-681-7518,Platinum
5152503,Male,8/27/1975,ND,126-721-7382,Silver
41093135,Female,3/13/1982,NV,273-769-6917,Gold
61806100,Female,1/7/1992,OR,927-618-7894,Platinum
81909700,Female,1/14/1961,IN,392-153-3128,Platinum
7891758,Male,1/16/1982,ID,596-842-1325,Platinum
95560169,Male,3/25/1973,RI,597-124-3297,Platinum
48477566,Female,10/22/1992,AR,641-298-6278,Platinum
38183238,Female,3/15/1985,FL,596-319-8236,Gold
48335931,Female,1/29/1962,MO,654-352-4582,Silver
74888099,Male,7/22/1980,CO,125-613-7698,Platinum
9775143,Female,1/10/1995,LA,921-936-1682,Silver
39959491,Female,4/7/1995,DE,139-742-5417,Silver
69355027,Female,12/17/1964,MO,354-352-3891,Silver
95639174,Male,4/18/1962,MD,574-785-1593,Platinum
82028774,Male,7/5/1960,ME,935-874-7328,Platinum
48673624,Female,3/21/1976,ID,536-156-4179,Platinum
41009394,Female,7/6/1984,UT,384-934-5241,Gold
42726730,Female,3/3/1966,IL,925-473-6217,Gold
18062339,Male,5/10/1976,MO,572-567-1943,Silver
6540281,Male,2/8/1993,AR,196-527-8275,Silver
61582066,Female,4/4/1997,GA,385-513-8153,Platinum
49058491,Female,2/28/1973,AL,794-453-2839,Platinum
3124373,Male,12/18/1979,IA,527-891-4692,Platinum
5345468,Female,3/21/1993,DE,279-185-9127,Platinum
84147585,Male,10/18/1972,AK,743-569-4783,Gold
85357756,Male,1/2/1970,PA,915-698-3649,Platinum
53539195,Male,10/2/1989,NV,914-342-8239,Gold
47153140,Male,7/22/1990,ID,738-413-2418,Platinum
34369658,Female,8/5/1985,IN,897-847-6547,Gold
14477985,Male,7/9/1998,NE,496-361-3285,Silver
66521317,Male,9/3/1991,SD,519-549-9375,Silver
9081086,Male,8/6/1976,WA,254-273-2185,Silver
47237571,Female,11/14/1984,MI,982-854-4365,Platinum
36009093,Female,6/4/1984,SC,264-374-5794,Platinum
60016590,Female,5/25/1984,NV,649-742-8132,Silver
96861647,Female,8/6/1996,NH,495-732-2638,Silver
70659761,Male,6/25/1994,WI,928-163-5178,Platinum
91010040,Male,1/27/1998,VA,329-421-9842,Gold
69050904,Female,2/19/1996,ID,561-736-4597,Gold
69128619,Male,5/18/1991,OK,728-846-5942,Gold
76933532,Female,10/4/1976,PA,892-468-9436,Platinum
25174766,Female,7/19/1995,VT,298-139-6894,Platinum
38923726,Female,4/28/1988,VT,182-927-4389,Gold
53225913,Female,4/8/1964,WY,568-238-7849,Silver
83086717,Male,10/12/1965,SC,948-634-1547,Gold
40460125,Female,12/29/1997,KY,149-439-8456,Silver
88200222,Female,9/15/1966,NM,234-625-7536,Silver
88878373,Female,7/5/1966,CT,536-642-3159,Gold
97545319,Male,4/18/1963,OR,749-261-7893,Silver
64610611,Male,7/15/1987,MO,854-324-1974,Silver
24310699,Male,11/21/1981,ME,857-617-2867,Platinum
42569977,Female,3/24/1997,MS,532-438-5347,Silver
34803042,Female,1/1/1969,MI,148-169-8712,Platinum
25512276,Male,12/18/1983,NY,748-391-1549,Gold
9205013,Male,12/11/1963,DE,239-368-6759,Platinum
29517588,Female,9/15/1999,OH,783-978-8392,Silver
71462870,Male,4/27/1981,NJ,495-278-7638,Platinum
53886536,Male,8/19/1960,FL,879-351-3681,Gold
89279737,Female,11/4/1964,OK,912-289-1532,Platinum
5027573,Male,8/27/1989,NM,948-589-4138,Gold
69204774,Male,6/18/1960,MA,613-746-6123,Platinum
9466593,Female,5/21/1978,CT,826-527-2935,Gold
30679789,Female,7/27/1971,RI,571-543-7321,Silver
15000907,Male,7/27/1964,NH,658-953-7692,Silver
96795364,Female,7/27/1963,TX,548-374-3892,Silver
33152432,Female,3/25/1988,IL,752-932-1462,Gold
42867092,Female,8/22/1970,SC,596-249-8736,Silver
47145694,Female,7/18/1961,MT,642-359-2349,Gold
72833735,Female,1/17/1971,KY,893-531-9732,Silver
3771583,Female,2/12/1978,OK,972-634-1294,Silver
8609975,Male,12/27/1967,TN,142-326-1568,Platinum
29235935,Female,10/27/1998,MD,281-869-9351,Platinum
35459428,Male,11/6/1991,NH,642-462-7695,Silver
2917414,Female,8/30/1982,SD,725-146-3826,Platinum
55982230,Male,5/5/1991,MO,152-467-3764,Platinum
69872861,Female,3/5/1964,VA,872-897-8156,Silver
44866465,Male,8/31/1992,SD,738-518-3125,Silver
39554038,Male,4/5/1970,MT,537-231-1768,Silver
14712345,Male,12/5/1992,TN,527-732-1987,Silver
41660480,Female,1/11/1980,ID,439-961-5261,Silver
53981675,Male,4/9/1986,SC,839-731-7381,Platinum
287476,Male,7/28/1988,FL,364-598-1549,Silver
58378868,Female,10/29/1984,IA,367-512-2167,Gold
62960540,Male,7/29/1988,TN,159-976-1642,Silver
36780334,Male,1/11/1976,VT,253-864-1967,Silver
17814402,Female,7/14/1984,PA,136-379-5432,Silver
4420512,Male,5/27/1991,PA,316-643-2935,Silver
51485708,Female,4/23/1997,WI,219-562-9756,Gold
71496799,Male,5/27/1995,ND,843-251-7481,Platinum
85983291,Female,6/19/1962,AR,715-829-4859,Gold
29500814,Male,10/9/1962,SD,476-851-9768,Platinum
74351384,Male,7/2/1986,LA,372-572-7263,Silver
72363224,Male,1/6/1969,SC,271-324-8534,Silver
41106063,Male,3/26/1988,FL,284-876-9462,Gold
57043846,Male,12/24/1996,RI,756-197-4972,Silver
31740446,Male,3/26/1973,NY,163-473-1482,Gold
17690710,Male,3/3/1973,ME,693-739-2369,Silver
50771198,Male,12/15/1994,ND,361-249-7392,Silver
23460895,Male,1/22/1967,CT,567-179-5829,Platinum
33628817,Male,8/12/1964,MS,243-497-9317,Silver
32791401,Male,7/27/1994,MN,421-738-4967,Platinum
86491727,Female,1/29/1997,IL,294-187-3286,Gold
99674324,Male,1/28/1965,UT,517-562-4916,Silver
81371138,Female,11/9/1963,MI,198-641-6743,Gold
30199988,Female,3/17/1965,WY,321-296-9823,Platinum
20299691,Male,7/4/1988,TN,375-958-4571,Platinum
40591588,Male,11/1/1984,CA,652-837-5837,Silver
28871739,Female,4/29/1977,NY,132-423-5694,Platinum
46995469,Male,8/23/1973,MA,592-471-5829,Platinum
8774687,Male,5/8/1980,KS,813-179-4628,Silver
42083451,Male,11/23/1967,AK,689-375-9463,Platinum
50560987,Male,1/28/1971,NM,927-641-9614,Platinum
88881248,Female,5/3/1963,SC,389-128-5432,Gold
30060683,Female,7/2/1983,AR,549-267-4197,Gold
28999720,Male,11/2/1968,FL,534-219-7419,Platinum
40971431,Female,7/8/1975,DE,519-935-1384,Platinum
46866733,Female,1/18/1969,MN,453-351-9582,Gold
6563653,Male,3/2/1976,NV,257-579-6281,Platinum
9959859,Male,11/18/1970,NV,265-456-8296,Gold
71404791,Female,9/8/1979,NJ,154-695-4765,Gold
73491590,Female,6/18/1987,TX,196-126-1725,Gold
11429044,Male,3/16/1978,NC,972-651-4751,Silver
45634936,Female,6/11/1967,OK,173-527-4698,Platinum
71108576,Male,12/20/1966,AL,783-148-8715,Silver
9017128,Female,11/29/1967,MS,951-573-4932,Silver
72587271,Female,9/9/1971,OK,372-592-3274,Silver
12673582,Female,5/15/1982,VT,869-941-8925,Gold
44821508,Male,2/27/1972,KY,651-851-4785,Platinum
85683729,Male,8/23/1975,SD,416-182-5128,Silver
90115894,Male,11/16/1969,OH,327-875-8379,Platinum
45566276,Male,5/31/1980,TX,362-764-1857,Platinum
12827745,Female,11/16/1972,HI,845-491-5421,Silver
28590552,Female,1/10/1964,TN,189-813-7561,Silver
15965441,Female,5/26/1974,NV,327-934-6843,Silver
12779308,Female,2/3/1985,SD,415-968-7496,Platinum
53719176,Male,5/29/1992,FL,174-342-7516,Silver
51842360,Female,12/3/1976,AK,147-475-9412,Platinum
56398264,Female,6/29/1979,NY,713-394-6524,Silver
73898057,Female,5/25/1960,KS,418-459-4571,Platinum
2476913,Male,6/6/1983,OH,591-934-6948,Gold
66267050,Female,5/14/1962,NE,716-145-5671,Gold
46551094,Female,8/1/1970,OR,564-598-2173,Platinum
5061178,Female,10/14/1972,AR,532-216-1635,Silver
29323970,Male,3/3/1971,NE,783-653-9163,Gold
67243622,Male,10/17/1986,NE,715-435-9327,Gold
62861487,Male,8/9/1987,NV,851-758-3157,Gold
98083433,Male,10/16/1971,CA,912-418-8739,Gold
15681024,Female,11/28/1983,AL,216-539-3569,Silver
92644503,Male,4/18/1989,PA,845-829-8214,Gold
65916260,Female,4/6/1996,KS,687-698-6425,Platinum
34953203,Female,5/9/1997,ME,728-597-3415,Platinum
99961993,Male,6/10/1995,AL,234-943-2876,Platinum
42098367,Female,10/27/1974,MA,278-485-6849,Gold
9130038,Female,11/22/1964,TN,382-247-4267,Silver
80562391,Female,2/24/1960,NY,521-689-3269,Gold
28932340,Male,1/5/1996,LA,652-265-8231,Gold
79212942,Female,1/31/1960,NY,371-639-4189,Platinum
5864769,Male,11/17/1982,CO,314-953-3162,Gold
3955265,Male,2/27/1977,IN,324-296-9625,Platinum
42882285,Female,12/21/1962,SD,149-928-6451,Platinum
96134505,Female,6/3/1984,CT,832-482-4236,Silver
8375366,Female,7/29/1963,AL,875-392-9487,Gold
82000019,Male,10/10/1992,MI,785-894-3194,Silver
30394029,Female,1/8/1970,SC,742-324-8253,Gold
51525336,Female,6/6/1978,HI,485-435-7918,Silver
54963034,Female,4/14/1966,CT,937-293-7985,Platinum
90876878,Male,3/20/1993,OH,897-689-5672,Silver
16216085,Female,12/26/1972,VT,719-273-4738,Platinum
11982382,Male,3/14/1988,OH,439-628-2835,Gold
33290806,Male,8/29/1996,FL,938-486-2376,Gold
39628347,Female,6/10/1970,SD,591-895-6541,Platinum
84277947,Female,8/16/1997,IL,364-165-1298,Silver
95856464,Male,6/3/1999,WI,354-648-3765,Gold
67335009,Female,2/26/1983,MA,732-284-9752,Platinum
8765210,Male,5/27/1973,WA,893-183-3164,Gold
77765211,Male,10/8/1981,NV,754-754-6471,Silver
39035416,Male,7/29/1961,IA,785-836-9316,Platinum
5264479,Male,9/4/1983,WI,738-216-9185,Gold
24769711,Male,8/4/1966,NH,159-574-8794,Silver
98142348,Male,7/25/1976,CA,416-278-7936,Platinum
22328083,Male,9/15/1972,MT,384-486-4537,Silver
85984961,Female,8/29/1982,CA,948-162-6123,Silver
46937376,Female,2/15/1994,AL,784-895-3481,Gold
54252815,Female,4/1/1992,IN,625-425-9124,Gold
17774827,Male,6/9/1967,FL,239-143-5279,Gold
80544918,Female,6/22/1987,MS,739-748-9768,Platinum
18818283,Female,5/3/1997,CT,179-136-6493,Platinum
22370979,Male,1/17/1962,CO,768-829-7481,Silver
88623068,Female,5/14/1978,FL,532-674-5268,Silver
89044601,Male,10/21/1964,AL,613-467-9145,Gold
73876237,Female,1/27/1975,AL,879-185-4857,Silver
47585713,Male,4/20/1971,ND,627-861-9247,Platinum
16981057,Female,8/7/1966,MT,685-645-1276,Gold
32301882,Male,5/31/1967,NM,124-437-6728,Silver
16717085,Male,12/11/1984,AR,172-426-6187,Gold
75192560,Female,3/22/1984,IA,784-943-8563,Platinum
24715429,Female,3/23/1981,WY,689-678-8591,Platinum
2121802,Male,8/27/1980,PA,827-714-7821,Silver
30966524,Male,1/31/1985,RI,847-169-5361,Gold
63238733,Female,9/8/1993,AZ,268-398-8256,Gold
39608351,Male,12/3/1983,IA,142-758-5874,Gold
16453494,Female,4/17/1978,CT,786-768-5678,Silver
92789350,Male,8/14/1971,CT,486-257-6798,Silver
83706741,Female,11/13/1971,NJ,368-385-8726,Silver
92400577,Male,5/14/1971,MA,625-823-4875,Silver
90646435,Female,12/7/1978,IL,356-975-8315,Gold
56229221,Female,7/3/1993,DE,436-376-2349,Silver
63788489,Male,5/1/1971,SC,549-471-1638,Platinum
49187749,Male,2/3/1984,FL,748-417-3164,Gold
58144290,Male,1/8/1979,TX,893-725-3847,Gold
21330507,Male,3/13/1962,TX,871-328-3185,Platinum
21066098,Female,8/16/1962,LA,356-637-2735,Platinum
46673661,Male,10/28/1997,MI,123-942-4267,Platinum
48477164,Female,10/20/1976,NV,572-493-8516,Silver
42351519,Female,7/3/1979,GA,237-467-4729,Gold
25879245,Male,6/11/1982,WA,154-126-4286,Gold
86301193,Female,12/23/1980,LA,951-543-3542,Platinum
12996134,Female,6/28/1971,AL,925-723-2589,Platinum
44003496,Male,12/30/1962,CO,156-853-4153,Gold
89737711,Male,3/30/1991,WA,641-148-4597,Platinum
32560779,Female,11/18/1960,KS,715-238-2678,Gold
8039037,Female,10/16/1986,OH,714-274-5137,Gold
68723599,Male,11/14/1965,OR,264-348-3762,Silver
46129941,Female,3/16/1999,WV,943-157-4137,Silver
58098499,Female,5/27/1988,MN,756-876-1238,Silver
12377926,Male,11/11/1999,MS,735-517-7849,Silver
20444103,Male,1/17/1980,KY,354-473-1357,Gold
89456307,Male,8/3/1996,ID,135-341-8196,Platinum
15166995,Female,3/26/1977,NC,129-568-9713,Gold
38384757,Female,2/9/1997,KS,259-327-3729,Platinum
74219574,Female,10/28/1967,NE,579-316-6573,Silver
3967610,Female,9/2/1963,KS,947-413-6812,Platinum
441097,Male,8/19/1971,CA,187-348-8375,Gold
86992868,Male,9/28/1987,MS,826-714-7823,Silver
78277006,Female,2/29/1992,WI,146-531-2189,Platinum
83499843,Male,12/3/1988,ME,276-859-1849,Silver
71585789,Male,10/10/1970,WV,156-568-1835,Platinum
6342530,Female,4/5/1974,MO,852-547-4379,Silver
72081129,Male,4/19/1973,SC,124-584-4261,Gold
2413612,Female,6/24/1962,MO,354-589-7983,Gold
263204,Male,12/20/1972,TX,173-892-6314,Silver
8733543,Male,8/29/1993,IA,413-394-4173,Gold
14792193,Female,1/15/1962,HI,587-954-9637,Gold
80581271,Male,5/15/1967,WI,179-763-7395,Platinum
18426154,Male,6/7/1960,NJ,879-485-1945,Gold
85689455,Female,12/20/1981,RI,285-326-1834,Gold
64270813,Female,3/13/1996,WY,643-297-4563,Silver
51547112,Female,1/9/1966,CO,572-697-6125,Silver
48609526,Male,7/29/1970,MN,493-794-4563,Platinum
49759488,Male,5/27/1966,CT,173-198-2416,Silver
56075921,Female,7/5/1969,FL,148-396-5961,Platinum
76916649,Female,5/10/1992,SC,854-921-6417,Silver
47565478,Female,1/28/1961,ND,786-685-8236,Silver
18282409,Female,9/29/1973,AK,326-215-7361,Gold
8715802,Female,8/27/1968,VT,573-719-2548,Silver
42708350,Male,4/29/1995,MT,472-942-8126,Silver
39405635,Male,3/19/1975,ID,216-347-2435,Gold
48038858,Female,6/11/1989,NY,374-852-9148,Silver
15880215,Male,4/29/1989,WI,349-735-4516,Platinum
13088377,Female,11/9/1991,WY,794-928-4196,Platinum
88870543,Female,12/11/1997,WV,591-659-9652,Platinum
9339845,Male,7/31/1969,MO,976-293-9743,Gold
13926634,Male,7/8/1982,FL,653-896-2719,Platinum
18307355,Male,11/9/1968,ID,879-542-1978,Platinum
50436220,Male,8/5/1980,NJ,748-715-9783,Gold
66353946,Female,11/20/1979,KS,512-457-6923,Gold
39881716,Female,1/27/1979,CT,764-685-8523,Silver
28239393,Male,8/19/1978,AL,569-268-4785,Platinum
5237129,Male,3/21/1999,WY,392-746-4561,Platinum
19521118,Female,12/21/1970,SD,967-765-9625,Silver
14892213,Female,8/29/1987,WV,413-256-8476,Gold
53442249,Male,5/23/1981,VA,971-473-5832,Silver
45971331,Male,8/28/1994,AK,936-389-8497,Platinum
79889146,Male,5/21/1975,MT,193-219-1842,Silver
21774335,Male,2/7/1977,OK,127-839-1746,Gold
66284489,Female,4/10/1995,OH,967-136-5829,Gold
72488905,Female,3/10/1980,NM,275-826-8236,Platinum
93910149,Male,8/10/1996,HI,574-165-9841,Silver
77116501,Female,4/4/1968,AR,915-934-5617,Platinum
95822358,Female,12/17/1976,MD,851-432-1692,Silver
54699348,Female,8/30/1975,NY,321-312-5267,Silver
96496046,Female,4/1/1960,VA,965-645-9821,Platinum
73869005,Female,7/1/1964,WV,695-428-9762,Gold
83827717,Female,1/24/1988,NY,578-732-1238,Platinum
55401227,Male,8/18/1991,MA,143-594-1839,Gold
80295008,Female,9/15/1983,NY,542-369-9823,Platinum
28820055,Female,12/5/1987,RI,612-458-8546,Gold
93455439,Female,2/20/1972,MA,423-423-9561,Gold
19478893,Male,3/1/1968,GA,981-142-3251,Gold
45419022,Female,12/1/1993,NY,127-875-1924,Gold
49583926,Female,8/2/1990,MD,853-612-6958,Gold
72296323,Male,11/6/1960,PA,287-152-8153,Platinum
10149231,Female,3/22/1992,FL,291-942-3485,Platinum
93009704,Male,7/16/1998,ID,264-681-4759,Platinum
60987956,Male,4/26/1982,MN,531-564-3296,Platinum
68709394,Female,9/23/1966,ID,461-259-2635,Silver
27878628,Female,8/8/1960,ND,538-689-6358,Platinum
90085898,Female,2/26/1965,AK,789-783-8149,Platinum
56098966,Female,3/23/1967,ME,456-658-1623,Gold
69317965,Male,6/8/1979,VT,265-749-8245,Platinum
81968615,Male,6/23/1979,MT,397-495-7834,Gold
83223514,Male,6/28/1997,SC,528-138-3187,Gold
78341228,Male,11/26/1986,SD,475-573-2957,Gold
41462913,Female,10/24/1961,WI,825-927-2861,Gold
80905889,Male,12/13/1962,UT,398-297-3568,Gold
93822307,Male,11/15/1987,NE,534-856-2654,Platinum
4889449,Male,12/29/1994,MT,574-832-2793,Platinum
98199694,Female,4/4/1978,GA,562-319-1874,Platinum
50460892,Male,5/6/1961,ME,657-645-1346,Gold
42664554,Female,8/13/1993,TN,396-973-2531,Gold
94943525,Male,9/12/1992,AR,612-362-1354,Gold
45434540,Male,9/16/1993,AK,942-916-1537,Silver
88544496,Female,5/16/1975,VT,872-963-2459,Gold
36544565,Female,5/17/1987,WV,973-438-4792,Platinum
90234480,Male,12/18/1964,VA,517-291-4237,Platinum
40801256,Male,8/13/1986,NH,486-258-3256,Gold
67052896,Female,7/8/1966,SD,328-159-3275,Silver
15323667,Female,5/10/1973,SD,489-326-8267,Silver
67070056,Male,11/22/1994,WV,825-189-8961,Platinum
20607084,Female,4/23/1968,GA,986-435-7468,Silver
86886743,Female,10/6/1966,NV,823-732-3156,Platinum
52995625,Female,9/3/1997,OK,129-598-3652,Gold
63137507,Male,10/11/1990,CO,347-689-5786,Platinum
56250763,Female,1/2/1967,RI,983-156-3481,Platinum
35593972,Male,12/9/1979,TN,854-195-3892,Gold
86820732,Female,4/25/1966,MA,952-123-3526,Gold
45113346,Female,4/22/1969,UT,146-429-5398,Silver
54668401,Female,10/10/1960,NY,247-219-5483,Platinum
80002521,Male,8/19/1977,NH,178-723-8945,Platinum
14664886,Male,1/31/1989,VA,396-428-6874,Silver
29903212,Male,12/16/1989,DE,279-918-3268,Platinum
95628948,Male,9/22/1960,AR,647-458-1294,Platinum
39497409,Female,10/4/1990,UT,976-537-8734,Silver
77006226,Female,2/13/1998,TX,641-295-5498,Platinum
23252820,Female,10/11/1969,SC,674-215-4376,Silver
96116969,Female,11/14/1982,AR,748-514-3246,Platinum
46076664,Male,8/2/1960,PA,148-648-3179,Platinum
91322083,Female,4/28/1983,CO,425-138-4538,Gold
34414080,Female,7/8/1974,SC,645-754-1947,Silver
87607433,Male,5/31/1996,LA,856-489-8236,Gold
99892000,Male,6/8/1995,OR,395-246-6172,Gold
74633480,Male,6/22/1966,MI,598-245-7941,Gold
16859101,Female,6/30/1961,NJ,639-138-8341,Silver
92362143,Male,2/13/1986,ID,793-679-4175,Gold
41291823,Male,1/8/1987,OR,982-936-8792,Gold
46710738,Male,4/28/1977,MO,962-834-9361,Gold
47415706,Female,8/8/1961,DE,179-574-5837,Gold
83944124,Male,10/19/1984,NM,984-483-1653,Gold
58198965,Female,7/20/1990,WV,752-392-1925,Platinum
80503762,Male,9/25/1996,UT,892-124-9765,Silver
15214936,Male,3/6/1963,OR,295-845-1275,Silver
81970531,Female,2/1/1965,MI,513-368-1948,Platinum
12826843,Female,8/16/1989,WI,924-524-2158,Platinum
20643817,Female,5/15/1970,OK,542-287-9413,Gold
38369440,Female,8/5/1991,NJ,742-182-2491,Silver
69427973,Female,4/10/1977,NC,875-685-4195,Platinum
3497881,Male,6/12/1975,MD,873-612-3918,Gold
46678650,Male,8/10/1963,GA,527-735-4351,Gold
17664425,Male,7/13/1993,IL,961-243-4972,Gold
41128407,Male,7/9/1966,SD,812-324-7932,Silver
75884493,Female,7/27/1969,VT,196-435-7259,Gold
22580068,Female,4/8/1961,NM,645-965-3267,Silver
49170442,Male,12/22/1985,HI,821-347-4893,Silver
76962128,Female,7/16/1993,MD,295-234-8213,Platinum
72991636,Female,11/24/1989,DE,258-596-5932,Silver
24053072,Male,2/5/1989,ND,573-549-3541,Silver
68458649,Female,1/19/1979,NC,264-287-3795,Platinum
98401399,Female,10/7/1968,IA,219-593-1674,Silver
8310837,Male,6/13/1986,IA,498-387-9816,Silver
99170243,Male,8/3/1993,OH,534-435-2968,Platinum
33314915,Female,10/21/1991,LA,581-835-6243,Platinum
58693933,Male,12/21/1977,MS,892-871-4967,Platinum
65898442,Female,9/25/1968,MO,197-948-5692,Platinum
40303052,Male,4/22/1986,OH,756-974-6729,Gold
94030912,Female,2/6/1995,NC,358-672-8271,Gold
76282379,Female,10/26/1988,OH,293-325-8742,Platinum
62528525,Male,10/6/1980,LA,964-932-9364,Platinum
69526996,Female,1/9/1999,ND,372-583-6278,Silver
88566888,Male,8/15/1985,LA,982-362-7125,Silver
30015627,Male,9/11/1969,SC,254-523-1634,Silver
70088729,Male,12/6/1962,WI,453-475-2863,Silver
53042145,Female,10/4/1964,TN,139-746-7128,Platinum
12499211,Female,12/15/1968,MA,851-792-1325,Gold
3915010,Male,5/30/1987,VA,832-789-5916,Platinum
23094322,Female,1/8/1993,RI,138-136-4367,Gold
95863439,Male,2/20/1983,CT,465-372-5829,Gold
72212627,Male,9/9/1985,SD,693-927-5932,Silver
49164086,Male,7/9/1962,OR,691-483-5398,Gold
44050095,Male,6/4/1977,DE,314-298-9257,Platinum
10198314,Female,11/10/1980,WI,176-861-1936,Platinum
84861652,Male,6/4/1978,NY,241-947-3176,Gold
88489646,Female,5/17/1971,WA,278-241-1657,Gold
89364843,Male,1/5/1969,SD,837-432-3471,Gold
29459103,Female,5/5/1986,MS,413-741-7425,Silver
86164274,Male,12/28/1962,SC,843-361-2796,Platinum
41858669,Female,4/23/1969,WY,694-974-1367,Silver
9113953,Female,7/14/1973,IL,123-748-9215,Silver
6984936,Female,4/21/1992,NM,546-428-8532,Platinum
37686146,Male,1/8/1972,OK,974-576-2485,Silver
86088574,Female,2/15/1972,OH,317-643-4523,Gold
73685982,Female,3/12/1998,WV,943-981-6734,Platinum
63279444,Male,10/14/1990,NY,812-481-7352,Gold
84080228,Male,11/10/1969,NV,652-429-1295,Silver
99723844,Female,6/19/1966,HI,457-752-1374,Gold
885337,Male,2/17/1962,HI,321-534-5263,Platinum
22125988,Female,11/23/1993,MS,938-182-5821,Silver
79391302,Male,10/30/1984,UT,425-721-8315,Silver
75483302,Female,6/19/1982,MA,517-792-6423,Platinum
86977672,Female,9/23/1969,KY,539-124-8432,Platinum
7703371,Female,2/7/1997,VT,418-179-2358,Gold
69101618,Male,5/9/1961,CT,628-392-7835,Silver
20681481,Male,10/20/1982,RI,496-453-2738,Gold
9897266,Female,5/30/1974,VT,768-896-9716,Gold
69165409,Female,10/11/1994,NY,843-784-1843,Silver
97226830,Male,10/23/1980,AZ,654-347-5163,Gold
66788290,Male,11/8/1984,KS,735-872-2517,Silver
67697862,Male,1/22/1993,MN,286-291-2315,Silver
69623124,Female,11/25/1967,OR,765-763-6743,Silver
86445910,Female,9/7/1991,RI,728-486-9516,Platinum
48445766,Male,11/21/1980,AR,657-359-2536,Platinum
74787956,Male,6/19/1989,TX,679-514-5894,Gold
45364348,Male,6/13/1967,IA,342-564-3152,Gold
81661419,Male,2/12/1980,ID,486-416-1928,Platinum
78301168,Male,11/28/1999,CT,516-179-8162,Silver
91447671,Male,12/18/1976,IL,298-195-6512,Silver
23445933,Female,1/1/1966,MS,657-568-6495,Platinum
86320995,Male,7/4/1991,IN,978-347-9514,Gold
77134414,Male,7/10/1983,AL,693-239-2865,Silver
71986983,Female,10/15/1982,UT,497-684-3678,Platinum
28528424,Female,3/2/1960,ND,592-738-9582,Platinum
26346266,Male,3/25/1971,NM,397-468-8746,Platinum
71259315,Male,11/6/1986,IA,197-824-7356,Gold
78119838,Male,4/12/1979,AL,268-851-1528,Silver
27598176,Female,1/29/1965,TN,436-192-5639,Platinum
83135621,Male,2/22/1977,NH,986-541-8762,Platinum
51760038,Female,12/9/1989,IN,958-286-8926,Platinum
91002298,Male,4/9/1998,MA,349-124-3976,Gold
16906248,Female,6/20/1962,CA,278-253-8457,Gold
93133213,Male,11/11/1963,NJ,486-592-4186,Silver
18369428,Male,5/3/1993,OK,256-457-9645,Gold
71676845,Male,4/7/1994,IN,549-982-1984,Silver
68067526,Male,8/5/1979,WY,871-381-6378,Silver
97169446,Female,6/5/1975,WY,438-219-7419,Platinum
44453657,Female,12/3/1996,NC,467-984-2893,Gold
32646041,Female,6/7/1979,ID,815-567-6153,Platinum
41946743,Female,9/26/1970,WA,756-245-4789,Gold
74207825,Female,3/15/1965,MI,173-637-9613,Platinum
24247743,Female,5/24/1988,ID,792-136-5173,Silver
69608621,Female,10/21/1968,MD,523-793-4315,Silver
72664684,Female,12/28/1996,ND,964-582-8145,Platinum
18174078,Female,4/7/1985,GA,945-398-3528,Gold
34756508,Male,5/31/1997,RI,182-247-2167,Silver
608461,Male,12/17/1994,AR,963-187-2873,Platinum
12015897,Male,11/16/1971,WA,465-854-9358,Silver
60965575,Female,9/12/1980,OH,526-741-6397,Silver
81634435,Male,7/30/1988,AR,937-675-5842,Gold
67849662,Female,8/25/1991,PA,143-543-9264,Silver
96439036,Male,6/29/1989,AK,359-671-3659,Gold
51033228,Male,10/13/1985,IN,534-462-2657,Gold
58451506,Male,4/22/1968,FL,673-574-7823,Gold
26734721,Male,7/2/1972,CT,659-876-5694,Gold
20923121,Female,7/5/1976,NY,617-927-8491,Silver
56425562,Female,3/18/1963,GA,823-712-3528,Platinum
79174311,Female,5/26/1978,CO,312-798-5213,Platinum
30119782,Female,6/11/1990,WA,753-397-4823,Gold
57267299,Male,2/11/1970,VT,128-576-3825,Silver
90217818,Female,5/18/1980,TN,891-651-8671,Gold
70708127,Female,1/18/1975,TX,189-276-3957,Platinum
75934330,Female,10/9/1987,ME,951-941-3975,Platinum
71288937,Female,7/3/1974,AR,692-817-1972,Gold
81526763,Female,10/9/1984,OH,592-192-8417,Gold
78064067,Female,11/4/1999,MS,713-457-9846,Gold
29854604,Male,9/2/1975,WI,214-457-4352,Gold
8684318,Male,5/28/1969,NE,145-563-2137,Gold
46513280,Female,1/2/1983,CO,124-652-9816,Silver
6104555,Male,10/1/1982,CT,456-218-8516,Gold
51669975,Female,2/5/1988,ND,975-463-9541,Silver
3205230,Male,3/10/1977,NC,352-354-2546,Platinum
87596868,Male,11/18/1961,AZ,573-396-3182,Silver
82089910,Male,10/9/1973,FL,257-248-4825,Silver
57452643,Female,7/10/1981,HI,348-562-2673,Platinum
65208809,Male,4/22/1964,VA,286-128-6132,Platinum
6756905,Male,10/21/1997,NE,924-427-8125,Silver
46850495,Male,8/21/1962,NV,761-193-2346,Platinum
79539873,Female,3/15/1981,ND,459-425-4319,Platinum
42364152,Female,7/7/1996,ID,529-462-1635,Silver
19888166,Male,4/11/1990,WI,712-651-9613,Gold
11256802,Female,10/22/1964,LA,469-345-5617,Silver
61575264,Male,7/12/1995,WY,182-385-1392,Gold
